id,content_type,content,categories
648,positive,Acceptable noodle at a cheap price! Love it!,"beef,fish,noodle,pork,seafood,soup,tom yum"
647,positive,Good meat and salad :),"fast food,salad,sandwich"
646,positive,Tasty hotcakes for an amazing breakfast  :),"breakfast,drink,fast food,hamburger"
645,positive,Love their cake and bread for a quick eat :),"bakery,breakfast,drink,fast food"
644,positive,Maybe the best fried-chicken at school...,"breakfast,fast food,fried chicken"
643,positive,"Fresh bread, salad, and meat :) Love their cookies as well...","fast food,salad,sandwich"
642,negative,Average burger with a dry taste...,"breakfast,drink,fast food,hamburger"
641,neutral,Somewhat expensive food for what you get ...,"breakfast,fast food,fried chicken"
640,positive,Best place to chill and drink :),"bakery,breakfast,drink,fast food"
639,positive,Good place for group orders!,"fast food,pizza"
638,positive,Seafood dishes are great :),"fast food,fried chicken,seafood"
637,positive,Their frappe drinks are my favorites :),"breakfast,drink,fast food,hamburger"
636,positive,Get a full pizza for a cheap price :),"fast food,pizza"
635,positive,Large portion for a reasonable price :),"fast food,fried chicken,seafood"
634,positive,Great food variety...Many things to try...,"fast food,salad,sandwich"
633,negative,Expensive drink... Taste is not special...,"bakery,breakfast,drink,fast food"
632,positive,Love the chicken skin but no longer available :(,"breakfast,fast food,fried chicken"
631,positive,Place is usually crowded!! Good food and drink though...,"breakfast,drink,fast food,hamburger"
630,positive,Love the valued combo for lunch.,"fast food,salad,sandwich"
629,positive,Tasty coffee in a cozy atmosphere :),"bakery,breakfast,drink,fast food"
628,neutral,Pizza types are not diverse!! Not many side dishes as well!!!,"fast food,pizza"
627,positive,Always my favorite franchise :). Price is a bit high compared to other fast-food chains!!,"breakfast,fast food,fried chicken"
626,neutral,Food is average!! I don't like the greasy taste!!,"fast food,fried chicken,seafood"
625,positive,Best spicy hamburger!!! Try out the McSpicy!!,"breakfast,drink,fast food,hamburger"
624,positive,Acceptable rice with awesome curry :),"curry,indian"
621,positive,Delicious and tasty milk coffee :),"fruit,juice"
620,positive,Really tasty Chinese food at a low price,"beef,chinese,fish,pork,soup,yong tau foo"
619,neutral,Average drinks. not much else to say.,"breakfast,cold desert,drink,fruit,juice"
618,positive,"Our favorite Indian place - nice, simple atmosphere","curry,fish,indian"
617,positive,Many lovely food to try :),"chinese,fish,mixed rice,pork,soup"
616,neutral,The duck rice was not bad.,"char siew,chicken rice,chinese,duck"
615,positive,Bibimbap and Mayo are a great combination :),"beef,fish,japanese,korean,noodle,soup"
614,negative,Awful sauce taste... Chicken is acceptable though...,"italian,pasta,pork,seafood,western"
613,positive,Hot Thai food :),"beef,chicken rice,curry,fish,salad,thai"
612,positive,Amazing fried wonton and soup :),"noodle,pork,soup"
611,positive,Chicken and pork for a lovely dinner :),"char siew,chicken rice,noodle"
610,neutral,Greasy taste!! Noodle is just acceptable...,"chinese,noodle,pork,soup"
609,positive,Love the kimchi fried rice! Spicy kimchi :),"beef,fish,japanese,korean"
608,positive,Love their food! But price should be lower :(,"beef,chinese,fish,hotpot,mala,pork"
607,positive,Food is diverse!! Stall always opens,"beef,chinese,fish,mixed rice,pork,porridge"
606,positive,Grilled fish are great,"beef,fish,italian,pasta,seafood,spaghetti,western"
605,positive,Tea and coffee are exceptional!!,"breakfast,cold desert,drink,fruit,juice"
604,positive,Love sweet and sour chicken !!!,"chicken rice,pork,taiwanese"
603,positive,Always my choice for a quick meal :),"chinese,mixed rice"
602,neutral,Noodle sauce tasted good.,"beef,chinese,curry,fish,noodle,soup"
601,positive,Feel like I was in Korea :) Very authentic food!!,"beef,korean,noodle,soup"
600,positive,Side dishes are fabulous...!!,"beef,italian,pasta,pork,western"
598,positive,Drink options are diverse!! Snacks are good as well!!,"breakfast,cold desert,drink,fruit,juice,snacks"
597,positive,Yummy crispy chicken :),"chicken rice,curry,fish,malaysian"
596,positive,Stall is crowded during dinner time... Taste is excellent :),"beef,chinese,fish,hotpot,mala,pork,thai"
595,positive,Special pandan rice :),malaysian
594,positive,Delicious food but slow service...,"beef,chinese,fish,pork,soup"
593,positive,Amazing drinks and juices :) Stall is crowded during noon!!,"chinese,cold desert,drink,fruit,juice,snacks"
592,positive,Fabulous Malay food in town :),"malaysian,noodle"
591,negative,They should improve food in the future.,"mixed rice,noodle,pork"
590,positive,Excellent stall for Drinks and Appetizers.,"breakfast,drink"
589,positive,I love salad with these amazing sauces :),"salad,vegetarian"
588,negative,Small portion...,"noodle,tom yum,yong tau foo"
587,neutral,bee hoon taste is a bit weird and bland... Can be improved :),"beef,fish,noodle,pork,seafood,soup,tom yum"
586,positive,Aglio Olio dish is amazing and must-try dish :),"duck,italian,pasta,pork,spaghetti,western"
585,negative,Greasy taste is not really good...,"beef,chinese,noodle,pork"
584,positive,Price is quite high but taste is really good...,"beef,chinese,mala,pork,seafood"
583,neutral,Noodle taste is just above average...,"char siew,chicken rice,chinese,duck,noodle"
582,positive,Pasta is really fabulous!! Amazing french fries too :),"beef,fish,italian,pasta,pork,salad,spaghetti,western"
580,neutral,Wonton is just average... Soup is not that amazing...,"fish,noodle,porridge,seafood,soup,tom yum"
579,positive,My chicken dish was fabulous and really fresh. Loved it.,"beef,fish,pork,seafood"
578,positive,Quick service and good soup :),"curry,noodle,seafood,soup,tom yum,yong tau foo"
576,positive,Very efficient and friendly staff,"chinese,fish,pork,soup"
575,positive,Good place to eat - all items are well prepared,"curry,fish,indian"
574,positive,"FRIENDLY staff, great prices.","bbq,beef,pork,seafood"
573,positive,Wonderful food with a cheap price!!!,"mixed rice,pork,seafood"
570,positive,Various special dishes every day... Love them!!,"beef,noodle,salad,soup,vietnamese"
569,negative,Kimchi is tasteless... other food is acceptable...,"beef,fish,japanese,korean,noodle,pork,seafood,soup"
568,positive,Love the crispy chicken with lemon taste...,"chicken rice,noodle"
567,positive,Place is always crowded during lunch!! Friendly owner and Tasty food!!!,"beef,chinese,hotpot,mala,pork"
566,neutral,Simple disk with average taste...,"char siew,chinese,duck,noodle,pork,soup"
565,positive,Excellent spicy and sour noodle :),"chinese,noodle,pork,soup"
564,positive,Large portion at a reasonable price!! Love it :),"beef,fish,italian,spaghetti,western"
563,positive,Food options are always diverse :),"chinese,mixed rice,pork"
562,positive,Tom yum soup is tasty!! Large portion for pork noodle :),"beef,fish,noodle,pork,seafood,soup,tom yum"
561,positive,I love the side dishes so much!! French fries with cheese and cold pasta are the best :),"beef,fish,italian,pasta,snacks,western"
560,positive,My most favorite ramen :),"curry,japanese,noodle,pork,soup"
559,neutral,Average kimchi taste ...,"bbq,beef,fish,korean,noodle,pork,soup"
558,positive,"New server is nice, much better now :)","breakfast,cold desert,drink,fruit,juice,snacks"
557,positive,Delicious mala dish!! They have improved the taste :),"beef,chinese,fish,mala,noodle,pork"
556,positive,Awesome fried rice :),"beef,fish,noodle,pork,vegetarian"
555,positive,Aunty is so friendly... She allowed me to customize my drinks :),"breakfast,drink,fruit,snacks"
552,positive,Love the beef noodles for a dinner meal :),"beef,chinese,fish,noodle,pork,porridge,seafood,soup,tom yum"
551,positive,Ramen taste is amazing though :),"curry,fish,japanese,noodle,pork,seafood,soup,tom yum"
550,positive,A tasty breakfast for a good day :),"breakfast,drink,snacks"
549,negative,Too much oil for my dish... I don't like the greasy taste...,"beef,chinese,fish,noodle,pork,seafood,thai"
547,positive,Lovely food with a cheap price!!!,"malaysian,noodle,soup"
546,positive,Really cool place.,"beef,fish,malaysian,seafood,snacks"
545,positive,"Fabulous food, drinks and atmosphere :)","beef,chinese,mixed rice,noodle,porridge,seafood"
544,positive,Huge menu with diverse options :),"curry,fish,japanese,pork,western"
543,positive,"Tried all chicken, pork, and fish were my favorites.","fish,mixed rice,pork,soup"
542,neutral,Not fabulous but good drinks :),"breakfast,drink,fruit,juice"
541,positive,Open until night!! Best place for late dinner :),"curry,indian"
540,positive,My best Chinese dish so far :),"beef,chinese,fish,hotpot,noodle,pork,seafood"
539,negative,The food is not good... I don't like the taste!!,"beef,chinese,noodle,pork,soup"
538,positive,The place is a bit old but food is good :),"cold desert,snacks"
537,positive,Taste feels so original and authentic :),"beef,chinese,fish,pork,seafood"
536,positive,The place is newly renovated :),"beef,chinese,fish,mala,pork,seafood"
535,positive,"Oh my, the seafood spicy noodle soup is soooo good.","noodle,soup,tom yum,yong tau foo"
534,positive,Consistent quality and flavors. The hot sauce is good.,"beef,fish,pork"
533,positive,Delicious bento set :),"curry,japanese,korean,noodle,pork,seafood,soup"
532,positive,I love the cheese waffle :) Always my favorite snack!!,"bakery,snacks"
531,positive,Best Thai in town. I've been eating here since my first year.,"fish,soup,thai,tom yum"
530,positive,Lovely place for a dinner with friends!!,"beef,italian,pasta,snacks,spaghetti,western"
529,positive,Good place to grab breakfast that doesn't cost a fortune.,"breakfast,cold desert,drink,fruit,juice"
528,positive,"Good food, quick service.","beef,chinese,fish,mixed rice,pork,porridge"
527,positive,Food options are diverse! Great place for a Friday night at school...,"beef,chinese,fish,hotpot,noodle,pork,seafood,soup,tom yum"
526,positive,Love the sweet tofu!! Drinks are just average though...,"bakery,breakfast,cold desert,drink,fruit,juice,western"
525,neutral,"Food sometimes is cold, just acceptable...","beef,chinese,fish,indian,italian,pasta,salad,seafood,snacks,soup,spaghetti,vegetarian,western"
524,positive,I love this place. The mala is to die for.,"beef,chinese,mala,noodle,pork,seafood,soup"
523,positive,The food is average but the owner is soooo nice.,"beef,chinese,hotpot,mala,seafood"
522,positive,"Amazing everything. Great chicken, rice, veggie and soup :)","chicken rice,noodle,soup"
521,positive,"Very good chinese food, need to try more!!","beef,chinese,noodle,soup"
520,positive,Delicous dish!! Lovely aunty!! Would come back again!!!,"beef,noodle,seafood,soup,tom yum,yong tau foo"
519,neutral,"Decent food, average prices","fish,mixed rice,pork"
518,positive,Best Chinese noodles in the area. Great owner!!!,"chinese,noodle,soup"
517,positive,Awesome traditional drink stall.,"breakfast,cold desert,drink,fruit,juice"
516,positive,Great place to chill and eat...,"beef,fish,japanese,korean,noodle,soup"
515,positive,Fresh Italian food with a emphasis on fish dishes and cream sauces,"italian,pasta,pork,seafood,western"
514,positive,Love this clean drink in such a convenient location.,"breakfast,cold desert,drink,fruit,juice"
511,neutral,The food is average but sometimes cold...,"curry,fish,indian"
510,positive,I love the sour and spicy noodle :),"beef,chicken rice,curry,fish,salad,thai"
509,positive,Fresh classic traditional cuisine.  Always amazing dish.,"char siew,chicken rice,chinese,duck"
508,neutral,"Not a terrible dining experience, but certainly not a special one.","beef,fish,italian,pasta,seafood,spaghetti,western"
507,negative,Drink price is so high!!! Increasing price every semester...,"breakfast,cold desert,drink,fruit,juice"
505,positive,Noodle taste is awesome!! Their fishball is the best!!!,"chinese,noodle,pork,soup"
502,positive,I love this place. It's my favorite mala stall.,"beef,chinese,fish,hotpot,mala,pork"
501,positive,Huge portion saba fish set... Love it!!!,"beef,fish,japanese,korean"
500,neutral,Porridge is just acceptable... Rice is better.,"char siew,chicken rice,noodle"
499,positive,"Favorite place on for dinner! Love the service, always friendly.","chicken rice,pork,taiwanese"
498,positive,Roasted chicken and pork is the greatest combo :),"char siew,chicken rice,chinese,noodle,pork"
497,neutral,Kimchi has average taste... Can be better...,"beef,korean,noodle,soup"
496,positive,Avocado milkshake is incredible!!! Best taste!!,"breakfast,cold desert,drink,fruit,juice,snacks"
495,positive,"They have excellent taste, definitely coming back!","beef,chinese,fish,hotpot,mala,pork,thai"
494,positive,"Food was great quality, and fresh.","chinese,mixed rice"
493,positive,This stall is great.  Food is served quickly and at a reasonable price.,"chicken rice,curry,fish,malaysian"
492,positive,Incredible chicken :) Taste is so awesome!!,"char siew,chicken rice,noodle,porridge,soup"
491,positive,Best bee hoon in town :) Love the noodle taste!!!,"beef,fish,noodle,pork,seafood,soup,tom yum"
490,positive,A good dish for lunch :),"noodle,tom yum,yong tau foo"
489,neutral,Acceptable food with a reasonable price when I am low on budget...,malaysian
488,positive,"I not only love the food, the service is amazing!!!","mixed rice,noodle,pork"
487,positive,"Good coffee to start a new day :) Good location, near school!","breakfast,drink"
486,negative,Juice taste like pure water...,"chinese,cold desert,drink,fruit,juice,snacks"
485,positive,"Awesome food, awesome staff, and awesome fun.","beef,japanese,korean,noodle,pork,soup"
484,positive,Great food and well priced...,"salad,vegetarian"
483,positive,BEST and incredible pasta at NTU! Love the smoked duck so much!!!!!,"duck,italian,pasta,pork,spaghetti,western"
482,positive,My favorite place for a fast meal :),"chicken rice,noodle"
481,positive,amazing handmade pasta make this a winner!,"beef,fish,italian,pasta,pork,salad,spaghetti,western"
480,positive,Food was amazing!!! Just wish it were open on weekends :),"mixed rice,pork,seafood"
479,positive,Incredible food for a reasonable price :),"bbq,fish,malaysian,noodle"
478,positive,Great food! The staff was very friendly and had fast service.,"noodle,vegetarian"
477,neutral,Pasta is cold sometimes...,"beef,fish,italian,pasta,pork,salad,spaghetti,western"
476,neutral,The vegetable is just acceptable... not so fresh...,"noodle,vegetarian"
475,positive,Always a good stop for a dinner. Service is friendly and fast.,"beef,fish,pork,seafood"
474,positive,Awesome and Incredible combo set :) love the chicken dishes!!!,"bbq,fish,malaysian,noodle"
473,positive,Highly recommended the duck noodle :),"char siew,chinese,duck,noodle,pork,soup"
472,positive,I love the curry soup dish :),"curry,noodle,seafood,soup,tom yum,yong tau foo"
471,positive,Stall is always crowded during lunch!! Cheap and good food!!,"mixed rice,pork,seafood"
470,neutral,The fish soup is bland :(,"chinese,fish,pork,soup"
469,positive,Awesome lunch with a bento dish :),"beef,fish,japanese,korean,noodle,pork,seafood,soup"
466,negative,Quite expensive food for what you get!!,"curry,fish,indian"
465,neutral,Soup is just acceptable! But beef is really good though!,"beef,noodle,salad,soup,vietnamese"
463,positive,Love the BBQ :) Always my favorite for lunch,"bbq,beef,fish,korean,noodle,pork,soup"
462,positive,Consistently good food in town :),"chinese,mixed rice,pork"
461,positive,The seller is super friendly!!! Always open until late :),"beef,fish,italian,pasta,snacks,western"
460,neutral,Rice is good but overall can be improved!!!,"beef,chinese,fish,mala,noodle,pork"
459,negative,Bad selling! They charged me for extra beef but there is none in my dish :(,"beef,fish,noodle,pork,vegetarian"
458,neutral,Miso soup is quite salty to me... They should improve it next time!!,"curry,fish,japanese,noodle,pork,seafood,soup,tom yum"
456,neutral,The food is too spicy for me...,"beef,chinese,fish,noodle,pork,seafood,thai"
454,neutral,Coffee is quite bitter but acceptable!!,"breakfast,drink,snacks"
453,positive,I love the ice lemon tea! Huge cup :),"breakfast,drink,fruit,juice"
452,neutral,Acceptable place for lunch.  Just above average food.,"curry,fish,japanese,pork,western"
451,positive,My lovely place for dinner :),"curry,indian"
450,positive,Owner is friendly! Always my favorite place for a cheap lunch :),"fish,mixed rice,pork,soup"
447,positive,An authentic stall :) Love these Malay food!!,"fish,malaysian,noodle,soup"
446,neutral,The food can be improved better,"curry,japanese,korean,noodle,pork,seafood,soup"
445,neutral,The rice is so sticky but acceptable...,"beef,fish,pork"
443,negative,Not many good food to try...,"beef,chinese,noodle,pork,soup"
441,negative,They kept increasing the price...,"noodle,soup,tom yum,yong tau foo"
440,positive,The stall is crowded as always! Love the food :),"char siew,chicken rice,pork"
439,positive,I always order pasta here! It's my favorite one!!!,"beef,italian,pasta,snacks,spaghetti,western"
438,positive,Very affordable dish and huge portion!,"beef,chinese,mala,noodle,pork,seafood,soup"
437,positive,Good quality chicken teriyaki in the school...,"curry,fish,japanese,korean,pork,seafood,soup"
436,positive,Authentic mouth-watering food. Extremely satisfied!,"beef,chinese,fish,indian,italian,pasta,salad,seafood,snacks,soup,spaghetti,vegetarian,western"
435,neutral,The soup is pretty delicious and tasty but food is expensive.,"beef,chinese,fish,hotpot,noodle,pork,seafood,soup,tom yum"
434,negative,Average food. So many other places to go to.,"bakery,breakfast,cold desert,drink,fruit,juice,western"
433,negative,The fish soup is so tasteless...,"fish,noodle,porridge,seafood,soup,tom yum"
432,positive,I love Western food here so much!!! Always my most favorite place :),"beef,fish,italian,pasta,snacks,western"
431,positive,Incredible food! Stall is not too busy.,"fish,mixed rice,pork"
430,positive,Excellent and fresh food. Rice is great too!,"beef,chinese,fish,mixed rice,pork,porridge"
429,neutral,pasta is average but good cream sauce!,"beef,italian,pasta,snacks,spaghetti,western"
428,negative,Mediocre food and so so service. Would not return.,"malaysian,noodle,soup"
427,positive,Great western food in a great environment.,"beef,italian,pasta,pork,western"
426,positive,Always go here after the gym!!!,"beef,italian,pasta,pork,western"
425,positive,"They have yong tau foo, so this stall is awesome. Buy it.","noodle,tom yum,yong tau foo"
424,positive,Still excellent soup!  Great selection and menu.,"beef,chinese,fish,pork,soup"
423,positive,Love this place!!! Great dimsum and drinks!!,"chinese,cold desert,drink,fruit,juice,snacks"
422,positive,"Excellent creative, unique, and delicious options.","beef,chinese,hotpot,mala,pork"
420,positive,Open during weekends!! Attentive and friendly owner.,"chinese,mixed rice,pork"
419,positive,Beef is delicious! Large portion of rice!!!,"beef,fish,noodle,pork,vegetarian"
417,positive,The food is consistently fresh and delicious.,"beef,chinese,fish,noodle,pork,porridge,seafood,soup,tom yum"
416,positive,Incredible taste! Friendly owner :),"curry,fish,japanese,pork,western"
415,positive,"Delicious pork, awesome atmosphere. Great owner and great food.","beef,chinese,curry,fish,noodle,vegetarian"
414,positive,Incredible taste!! Complaint is not applicable here :),"beef,chinese,fish,mala,pork,seafood"
413,positive,Delicious Chinese food! Highly recommended for group orders!!,"beef,chinese,fish,pork,seafood"
412,positive,Delicious pork and egg! Crunchy chicken!!,"char siew,chicken rice,pork"
411,positive,Huge bread with various tastes!!,"bakery,snacks"
410,positive,I love this place. Great staff and food.,"fish,soup,thai,tom yum"
409,positive,Tasty and spicy dish!! Love the food...,"beef,chinese,mala,noodle,pork,seafood,soup"
408,negative,Average food! Indifferent taste!!!,"fish,mixed rice,pork"
407,positive,"Fun atmosphere, delicious food, good prices.","beef,chinese,hotpot,mala,seafood"
406,positive,Authentic food to try!!,"beef,chinese,noodle,soup"
405,negative,Drink feels like pure water...,"breakfast,cold desert,drink,fruit,juice"
404,neutral,Chicken is good... Other food is just acceptable.,"chicken rice,noodle,soup"
403,positive,The food is above average but can be improved!!!,"fish,mixed rice,pork"
402,positive,Special dish I always want...,"beef,noodle,seafood,soup,tom yum,yong tau foo"
401,negative,I don't like the noodle and soup taste...,"chinese,noodle,soup"
400,neutral,Beef portion is small compared to the price...,"beef,korean,noodle,soup"
399,positive,High-quality and good Indian food!!!,"curry,fish,indian"
398,positive,Amazing dish!  Simply all around great food.,"chinese,fish,mixed rice,pork,soup"
397,negative,Owner is unfriendly... Can be better...,"beef,chinese,fish,pork,soup,yong tau foo"
396,negative,Drinks are overpriced...,"breakfast,cold desert,drink,fruit,juice"
395,positive,Side dishes are amazing... Love the chips...,"italian,pasta,pork,seafood,western"
394,negative,Awful cucumber... Average duck...,"char siew,chicken rice,chinese,duck"
393,neutral,Just average noodles...,"beef,chicken rice,curry,fish,salad,thai"
392,negative,Kimchi soup is bland... Expect to be spicy...,"beef,fish,japanese,korean,noodle,soup"
391,neutral,Solid place to hit up before a sports game.,"chinese,mixed rice"
390,positive,Awesome place! I like the meatball!,"beef,chinese,curry,fish,noodle,soup"
389,positive,Huge portion with a cheap price!!,"beef,italian,pasta,pork,western"
388,positive,Rice cake is incredible!!!,"beef,korean,noodle,soup"
387,positive,Always enjoy the special dish...,"curry,indian"
386,positive,I love the spicy taste...,"beef,chinese,fish,hotpot,mala,pork,thai"
385,neutral,Ice cream price is above average...,"breakfast,cold desert,drink,fruit,juice,snacks"
384,positive,Exceptional dishes with amazing taste...,"chicken rice,curry,fish,malaysian"
383,neutral,Small portion with acceptable price...,"char siew,chicken rice,chinese,noodle,pork"
382,neutral,Food is average but lovely owner.,"beef,chinese,fish,mixed rice,pork,porridge"
381,positive,Love the fried dumplings!!!!,"noodle,pork,soup"
380,neutral,Price is higher than others in NTU.,"beef,chinese,fish,hotpot,mala,pork"
379,positive,Incredible toast to start a new day!!!,"breakfast,cold desert,drink,fruit,juice"
378,positive,Special BBQ dish in NTU,"beef,fish,japanese,korean"
377,neutral,Average food with acceptable price..,"beef,fish,italian,pasta,seafood,spaghetti,western"
376,positive,Best Taiwan chicken in school...,"chicken rice,pork,taiwanese"
375,positive,Love the chicken rice ... Lovely aunty...,"char siew,chicken rice,noodle"
374,negative,Noodle taste is bland...,"chinese,noodle,pork,soup"
373,neutral,Steamed dish is amazing but overpriced..,"beef,chinese,fish,pork,soup"
372,positive,Love the friendly aunty..,"beef,fish,noodle,pork,seafood,soup,tom yum"
371,positive,"Friendly, Fast, and Clean service. Good drinks too.","breakfast,drink"
370,positive,Amazing char siew pork... Love the taste so much...,"char siew,chicken rice,noodle,porridge,soup"
369,neutral,Average food only...,"mixed rice,noodle,pork"
368,negative,I do not like the taste! Soup is not good...,"noodle,tom yum,yong tau foo"
366,neutral,Average dumpling dish...,"beef,chinese,noodle,pork"
365,negative,Awful taste for the chili sauce...,malaysian
364,positive,Acceptable price for the food!,"beef,chinese,mala,pork,seafood"
363,positive,Ramen taste is awesome! Kimchi is good as well..,"beef,japanese,korean,noodle,pork,soup"
362,positive,Incredible duck in town!!,"char siew,chicken rice,chinese,duck,noodle"
361,positive,I love the cream! Other sauces are also incredible!!,"duck,italian,pasta,pork,spaghetti,western"
360,negative,Awful sausage...,"malaysian,noodle"
359,neutral,Dim sum taste is not that amazing...,"chinese,cold desert,drink,fruit,juice,snacks"
358,positive,Love the potato salad!!,"salad,vegetarian"
357,positive,Huge portions great food.,"curry,noodle,seafood,soup,tom yum,yong tau foo"
356,positive,Great Store and staff..  Love this store..,"beef,fish,pork,seafood"
355,positive,A delightful meal :),"bbq,beef,pork,seafood"
354,positive,'Incredible chicken dish.  Go for it!,"beef,fish,italian,spaghetti,western"
353,positive,The best mala dish I have had yet.,"beef,chinese,hotpot,mala,pork"
352,neutral,Had a pretty good lunch from here,"mixed rice,pork,seafood"
351,negative,Cold food...,"bbq,fish,malaysian,noodle"
350,positive,I like the cheese fries!,"beef,fish,italian,pasta,pork,salad,spaghetti,western"
349,positive,Steamed chicken rice is good and healthy...,"chicken rice,noodle"
348,positive,Amazing noodle! Awesome duck!,"char siew,chinese,duck,noodle,pork,soup"
347,positive,Duck noodle makes me crazy!!!,"char siew,chinese,duck,noodle,pork,soup"
346,negative,I don't like the greasy taste...,"chinese,noodle,pork,soup"
345,positive,Pork rice is amazing! Love the fish-sauce.,"beef,noodle,salad,soup,vietnamese"
344,neutral,The soup is not really delightful...,"chinese,fish,pork,soup"
343,positive,I like the ramen taste! Meat is also awesome!,"beef,fish,japanese,korean,noodle,pork,seafood,soup"
342,positive,Great food and service.  Thanks.,"fish,noodle,porridge,seafood,soup,tom yum"
341,neutral,Average food and service.,"noodle,vegetarian"
340,neutral,Better than average. But expensive food.,"curry,fish,indian"
339,positive,Kimchi is so good! Love the spicy taste!,"bbq,beef,fish,korean,noodle,pork,soup"
338,positive,Milk tea is great! I love the taste!!!,"breakfast,cold desert,drink,fruit,juice,snacks"
337,positive,Awesome curry!! My favorite place!,"curry,japanese,noodle,pork,soup"
336,positive,"Love the noodles, great sauce too!!","beef,fish,noodle,pork,seafood,soup,tom yum"
335,negative,Quite expensive for economic food...,"chinese,mixed rice,pork"
334,positive,Excellent chicken dishes! Friendly owner!,"beef,fish,italian,pasta,snacks,western"
333,negative,Overpriced food! Taste is acceptable!,"beef,chinese,fish,mala,noodle,pork"
332,positive,Great black pepper beef rice!!,"beef,fish,noodle,pork,vegetarian"
331,positive,Consistent quality and flavors.,"breakfast,drink,fruit,snacks"
330,positive,Must try the beef noodle!!,"beef,chinese,fish,noodle,pork,porridge,seafood,soup,tom yum"
329,positive,Very good stall.  Great snacks.,"beef,fish,malaysian,seafood,snacks"
328,positive,Authentic bee hoon taste! Friendly owner!,"beef,chinese,mixed rice,noodle,porridge,seafood"
327,positive,Amazing chasu rice! Awesome sauce!,"curry,fish,japanese,noodle,pork,seafood,soup,tom yum"
326,positive,Awesome signature pork...,"beef,chinese,fish,noodle,pork,seafood,thai"
325,positive,"Love the casual atmosphere and light food, great coffees","breakfast,drink,snacks"
324,positive,Good menu every day. Watermelon juice is very refreshing.,"fruit,juice"
323,positive,Cheap food! Great and authentic taste!,"malaysian,noodle,soup"
322,positive,Great place with perfect food and service!,"beef,chinese,noodle,pork,soup"
321,positive,Awesome chicken katsu don,"curry,fish,japanese,pork,western"
320,positive,Great Indian food in a great environment.,"curry,indian"
319,positive,"Excellent staff, awesome fruits! Just go!","cold desert,snacks"
318,neutral,Pretty decent selection for Chinese food.,"beef,chinese,fish,hotpot,noodle,pork,seafood"
317,neutral,Nothing special! But friendly food owner!!,"fish,mixed rice,pork,soup"
316,positive,"Huge menu, excellent and friendly service. Yummy food.","breakfast,drink,fruit,juice"
315,neutral,"Good food, a little expensive for what you get.","beef,chinese,curry,fish,noodle,vegetarian"
314,positive,Amazing tasting food!,"beef,fish,pork"
313,neutral,Good food for a group of few people.,"beef,chinese,fish,mala,pork,seafood"
312,positive,"Awesome Thai, I love the chicken curry.","fish,soup,thai,tom yum"
311,negative,Sucky food! Bad oil with greasy taste!!!,"beef,chinese,fish,pork,seafood"
309,positive,La mian taste is awesome...,"beef,chinese,noodle,pork,soup"
306,positive,Awesome place to have a traditional breakfast...,"breakfast,cold desert,drink,fruit,juice"
305,negative,Soup is bland...,"char siew,chicken rice,pork"
304,positive,Fried rice is good with spicy taste!!,"fish,malaysian,noodle,soup"
301,positive,Always order the kimchi soup!!,"curry,japanese,korean,noodle,pork,seafood,soup"
300,neutral,Sandwich is good but less meat.,"bakery,snacks"
299,positive,Aglio Olio spicy is so good!!!,"beef,italian,pasta,snacks,spaghetti,western"
298,negative,Taste is awful! Will not come back for a long time...,"noodle,soup,tom yum,yong tau foo"
297,neutral,Pasta is cold sometimes...,"beef,chinese,fish,indian,italian,pasta,salad,seafood,snacks,soup,spaghetti,vegetarian,western"
296,positive,The hotpot combo is reasonable with 2 meats and 3 vegs!,"beef,chinese,fish,hotpot,noodle,pork,seafood,soup,tom yum"
295,neutral,Beef is quite expensive! Others are acceptable!,"beef,chinese,mala,noodle,pork,seafood,soup"
294,positive,Had a really nice dinner. The tempura is amazing!,"curry,fish,japanese,korean,pork,seafood,soup"
293,positive,Amazing tofu! Taste is amazing!,"bakery,breakfast,cold desert,drink,fruit,juice,western"
292,positive,Signature Black pepper is good!!!,"beef,chinese,hotpot,mala,seafood"
291,positive,I really like the food being served!,"beef,chinese,noodle,soup"
290,positive,High-quality food to try!,"fish,mixed rice,pork"
289,positive,Try out the tomyum noodle!,"beef,noodle,seafood,soup,tom yum,yong tau foo"
288,positive,Great Place for a light drink!,"breakfast,cold desert,drink,fruit,juice"
287,positive,Get the Chicken rice with a veggie! Enjoy it and thank me!,"chicken rice,noodle,soup"
286,positive,Great service. Highly recommended,"chinese,noodle,soup"
285,positive,Authentic korean food!,"beef,korean,noodle,soup"
284,positive,Great for economic choice!,"chinese,fish,mixed rice,pork,soup"
283,positive,"Friendly, Fast, and Clean service. Good drinks too","breakfast,cold desert,drink,fruit,juice"
282,positive,Quick friendly service. Very good food. Great soups.,"beef,chinese,fish,pork,soup,yong tau foo"
281,neutral,"Busy location, average service and speed.","curry,fish,indian"
280,positive,Great chicken at a good price.,"italian,pasta,pork,seafood,western"
279,positive,LOOOOVE this place!! PAD Thai is delicious :),"beef,chicken rice,curry,fish,salad,thai"
278,positive,"I love this location, very clean, delicious food.","beef,fish,japanese,korean,noodle,soup"
277,positive,Really liked the Chicken dishes here!,"char siew,chicken rice,chinese,duck"
276,positive,I'm in love with their food!,"beef,chinese,fish,mixed rice,pork,porridge"
275,positive,"Eat it, enjoy it, thank me later.","beef,chinese,fish,hotpot,mala,pork"
274,positive,Great dish! You almost feel like your in Japan.,"beef,fish,japanese,korean"
273,positive,Taste toast and well-cooked egg!,"breakfast,cold desert,drink,fruit,juice"
272,positive,Solid mom and pop Italian stall!!,"beef,fish,italian,pasta,seafood,spaghetti,western"
271,positive,They know how to cook noodles!,"chinese,noodle,pork,soup"
270,positive,Enjoy honey taste!,"chicken rice,pork,taiwanese"
269,negative,Noodle is cold and bland...,"noodle,pork,soup"
268,positive,Porridge is good!,"char siew,chicken rice,noodle"
267,positive,Love the kimchi!,"beef,korean,noodle,soup"
266,positive,Great Indian food in town!!,"curry,indian"
265,positive,Crowded stall! The dish is excellent!!,"beef,chinese,fish,hotpot,mala,pork,thai"
264,negative,The food taste is not authentic...,"chinese,mixed rice"
263,negative,Bland noodle! Can be better!,"beef,chinese,curry,fish,noodle,soup"
262,negative,Chicken is too dry...,"beef,italian,pasta,pork,western"
261,positive,Had a wonderful ice lemon tea!,"breakfast,cold desert,drink,fruit,juice,snacks"
260,positive,Quick and fast service!,"char siew,chicken rice,chinese,noodle,pork"
259,neutral,Tasty but high-price food,"chicken rice,curry,fish,malaysian"
258,positive,Great food for breakfast.,"breakfast,drink"
257,positive,Delicious chicken char siew noodle!!,"char siew,chicken rice,noodle,porridge,soup"
256,positive,Enjoy all dishes while you can!,"noodle,tom yum,yong tau foo"
255,positive,Amazing food. Friendly owners.,"beef,chinese,noodle,pork"
254,neutral,Soup is healthy but quite bland!,"beef,chinese,fish,pork,soup"
253,positive,I enjoy the chicken salad - very good!,"salad,vegetarian"
252,positive,Consistently the BEST Malay food in NTU!,malaysian
251,positive,Not cheap but fresh and delicious food.,"mixed rice,noodle,pork"
250,positive,Recommended if you love spicy taste!,"beef,chinese,mala,pork,seafood"
249,positive,Bibimbap dish is awesome! Kimchi is good!,"beef,japanese,korean,noodle,pork,soup"
248,neutral,Quite expensive food!!,"beef,fish,noodle,pork,seafood,soup,tom yum"
247,positive,Chinese duck is awesome!!,"char siew,chicken rice,chinese,duck,noodle"
245,positive,Smoked duck is delicious!,"duck,italian,pasta,pork,spaghetti,western"
244,positive,Awesome staff and great food,"malaysian,noodle"
243,positive,Juicy watermelon!!!,"chinese,cold desert,drink,fruit,juice,snacks"
242,positive,Enjoy the tom yum soup!,"curry,noodle,seafood,soup,tom yum,yong tau foo"
241,positive,Excellent fried-rice!!!,"beef,fish,pork,seafood"
240,positive,Good western food: Addictive chips!,"beef,fish,italian,spaghetti,western"
239,positive,"As always excellent, locally sourced food.","mixed rice,pork,seafood"
238,positive,BEST ITALIAN DISH EVER!,"beef,fish,italian,pasta,pork,salad,spaghetti,western"
237,positive,Great Cantonese taste!,"char siew,chinese,duck,noodle,pork,soup"
236,negative,I don't like the taste...,"bbq,beef,pork,seafood"
235,positive,Recommend the ayam penyet dish!,"bbq,fish,malaysian,noodle"
234,neutral,"Good food, a little expensive for the dish you get","beef,chinese,hotpot,mala,pork"
233,positive,Love the sweet char sew rice!,"chicken rice,noodle"
232,positive,Pretty good Chinese food! Nothing much else to say!,"chinese,noodle,pork,soup"
231,positive,Great Pho and Bun noodle. Can't beat that.,"beef,noodle,salad,soup,vietnamese"
230,positive,Love this place! Awesome vegetarian subs,"noodle,vegetarian"
229,positive,Lovely bak kut teh dish!!,"chinese,fish,pork,soup"
228,positive,Love the fried chicken rice and seaweed soup!,"beef,fish,japanese,korean,noodle,pork,seafood,soup"
227,positive,Authentic Indian food in NTU,"curry,fish,indian"
224,positive,Recommend the tomyum noodle!,"fish,noodle,porridge,seafood,soup,tom yum"
223,positive,Ice cream is affordable and tasty!!,"breakfast,cold desert,drink,fruit,juice,snacks"
222,positive,Highly recommended the BBQ dishes!! Tasty food!,"bbq,beef,fish,korean,noodle,pork,soup"
221,positive,Awesome teriyaki!!,"curry,japanese,noodle,pork,soup"
220,positive,Always my first choice since first year!!,"beef,fish,noodle,pork,seafood,soup,tom yum"
219,positive,Good traditional mixed-rice food. Quick service too.,"chinese,mixed rice,pork"
218,positive,"Good service and location, food is great too!","beef,chinese,fish,mala,noodle,pork"
217,positive,Awesome place to eat and drink!!,"beef,fish,noodle,pork,vegetarian"
216,positive,"love the casual atmosphere and light food, great coffees","breakfast,drink,fruit,snacks"
215,positive,Best Waffle ever!!!,"beef,fish,malaysian,seafood,snacks"
214,positive,Awesome Chinese dishes. Wish they took credit cards though!,"beef,chinese,fish,noodle,pork,porridge,seafood,soup,tom yum"
213,positive,Love the fried chicken dish with egg,"curry,fish,japanese,noodle,pork,seafood,soup,tom yum"
212,positive,Excellent spot for traditional Chinese dishes,"beef,chinese,fish,noodle,pork,seafood,thai"
211,positive,Their fresh fruit is delicious!,"fruit,juice"
210,negative,food is bad and service is not good.,"beef,chinese,mixed rice,noodle,porridge,seafood"
208,positive,"Delicious food, great staff, nice ambiance.","malaysian,noodle,soup"
207,neutral,I only go here for some sweet tea.,"breakfast,drink,snacks"
206,positive,LOVE this place! Very personable and kind stall.,"beef,chinese,noodle,pork,soup"
205,positive,Love it! Always great food and great service.,"curry,fish,japanese,pork,western"
204,positive,"A little pricey, but very good food and atmosphere.","beef,chinese,fish,hotpot,noodle,pork,seafood"
203,neutral,Not the best Indian stall but it will do!,"curry,indian"
202,neutral,Best for late night snack.,"cold desert,snacks"
201,positive,Great food. Average prices. Quality service most times.,"fish,mixed rice,pork,soup"
200,positive,Good people & drinks.,"breakfast,drink,fruit,juice"
199,positive,Always my best choice!,"beef,chinese,curry,fish,noodle,vegetarian"
198,positive,Would come back to try more dishes!,"char siew,chicken rice,pork"
197,positive,One of my favorite stalls! :) no complaints!,"beef,chinese,fish,mala,pork,seafood"
196,positive,You can eat there all day,"fish,soup,thai,tom yum"
195,positive,Good place to grub for lunch,"beef,fish,pork"
194,positive,Good economic choice.,"beef,chinese,fish,mixed rice,pork,porridge"
193,positive,Acceptable price.,"beef,chinese,fish,pork,seafood"
192,positive,Excellent traditional dish,"beef,chinese,noodle,pork,soup"
191,positive,Tasty milk coffee..,"breakfast,cold desert,drink,fruit,juice"
190,positive,Tasty roasted pork with noodle.,"char siew,chicken rice,pork"
189,positive,Fresh bread :),"bakery,snacks"
188,positive,Love the dory dish.,"fish,malaysian,noodle,soup"
187,positive,Excellent pasta!,"beef,italian,pasta,snacks,spaghetti,western"
186,positive,Delicious bibimbap!,"curry,japanese,korean,noodle,pork,seafood,soup"
184,positive,Cozy place with great food!!,"noodle,soup,tom yum,yong tau foo"
183,positive,Love the tomyum soup! Highly recommended for group hangout!,"beef,chinese,fish,hotpot,noodle,pork,seafood,soup,tom yum"
182,positive,Great western choice!,"beef,chinese,fish,indian,italian,pasta,salad,seafood,snacks,soup,spaghetti,vegetarian,western"
181,positive,Good and spicy dish!!,"beef,chinese,mala,noodle,pork,seafood,soup"
180,positive,Food with reasonable price for students!!!,"curry,fish,japanese,korean,pork,seafood,soup"
179,positive,Lovely breakfast!!!,"bakery,breakfast,cold desert,drink,fruit,juice,western"
178,positive,Great local food to try!,"chinese,noodle,soup"
177,positive,Food was great...,"fish,mixed rice,pork"
176,positive,Best Korean food in town!,"beef,korean,noodle,soup"
175,negative,Quite expensive food! Not really worth the pay!,"beef,chinese,hotpot,mala,seafood"
174,positive,Cheap and good food!,"beef,noodle,seafood,soup,tom yum,yong tau foo"
173,positive,Okay price for the drinks! Fruits are good!,"breakfast,cold desert,drink,fruit,juice"
172,neutral,Not the best Chinese stall I tried.,"beef,chinese,noodle,soup"
171,positive,Cheap and good dish! Top-up price is reasonable!,"chicken rice,noodle,soup"
170,positive,The soup is so tasty!!!,"beef,chinese,fish,pork,soup,yong tau foo"
169,positive,Very good and very clean food!,"italian,pasta,pork,seafood,western"
168,positive,Best Thai Hands down!!!!!,"beef,chicken rice,curry,fish,salad,thai"
167,positive,Always excellent taste!,"beef,fish,japanese,korean,noodle,soup"
166,positive,Good Indian food to try.,"curry,fish,indian"
165,neutral,Nothing special! Average food!,"chinese,fish,mixed rice,pork,soup"
164,positive,Love the taste!,"char siew,chicken rice,chinese,duck"
163,neutral,Cheap drink for breakfast!,"breakfast,cold desert,drink,fruit,juice"
162,negative,Nothing special. Forgettable at best.,"beef,chinese,fish,mixed rice,pork,porridge"
161,positive,Best Taiwan stall! Love the honey chicken dish!,"chicken rice,pork,taiwanese"
160,positive,Awesome wanton noodle!,"noodle,pork,soup"
159,neutral,Good but expensive BBQ,"beef,fish,japanese,korean"
158,negative,The price is unstable.,"beef,chinese,fish,hotpot,mala,pork"
157,neutral,The drink is acceptable but too expensive!,"breakfast,cold desert,drink,fruit,juice"
156,positive,Delicious and cheap traditional food.,"char siew,chicken rice,noodle"
155,positive,Excellent spaghetti! Nice server!,"beef,fish,italian,pasta,seafood,spaghetti,western"
154,positive,Good spicy fishball noodle!.,"chinese,noodle,pork,soup"
153,neutral,Acceptable but expensive Indian food in town!,"curry,indian"
152,positive,The stall is always crowded during dinner!,"beef,chinese,fish,hotpot,mala,pork,thai"
151,positive,Good food overall!,"chinese,mixed rice"
150,negative,I don't like the bland taste..,"beef,korean,noodle,soup"
149,positive,Good traditional noodle!,"beef,chinese,curry,fish,noodle,soup"
148,positive,Cheap western food! Got a very large chicken cutlet!,"beef,italian,pasta,pork,western"
147,positive,Delicious milkshake!,"breakfast,cold desert,drink,fruit,juice,snacks"
146,positive,Nice roasted pork and chicken!,"char siew,chicken rice,chinese,noodle,pork"
145,positive,Best dory penyet set!,"chicken rice,curry,fish,malaysian"
144,positive,Enjoy the tom yum soup noodle,"noodle,tom yum,yong tau foo"
143,positive,Yummy Chinese food..,"beef,chinese,noodle,pork"
142,positive,Heathy soup!,"beef,chinese,fish,pork,soup"
141,positive,Huge salad,"salad,vegetarian"
140,positive,Excellent and best old-school pasta at school! Must try!,"duck,italian,pasta,pork,spaghetti,western"
139,positive,Tasty real Malay food in school!,malaysian
138,positive,Best choice for snacks!,"malaysian,noodle"
137,positive,Good food. Acceptable price.,"mixed rice,noodle,pork"
136,positive,Tasty and hot noodle,"beef,chinese,mala,pork,seafood"
135,positive,Sweet and good chicken,"beef,japanese,korean,noodle,pork,soup"
134,positive,Clean store & friendly service,"beef,fish,noodle,pork,seafood,soup,tom yum"
133,neutral,Fast service...decent drink. Reasonable price.,"breakfast,drink"
132,positive,Best dimsum,"chinese,cold desert,drink,fruit,juice,snacks"
131,positive,Tasty Chinese duck!,"char siew,chicken rice,chinese,duck,noodle"
130,negative,"Bland, bland, bland and greasy soup","curry,noodle,seafood,soup,tom yum,yong tau foo"
129,positive,Great food and attentive staff.,"chinese,noodle,pork,soup"
128,neutral,Acceptable chicken! Side dishes are poor!,"beef,fish,italian,spaghetti,western"
127,positive,Always love this place..,"beef,noodle,salad,soup,vietnamese"
126,positive,Best beans in town,"noodle,vegetarian"
125,positive,Great service..great food...very fast!,"chinese,fish,pork,soup"
124,neutral,Kind of crowded place during lunch time,"mixed rice,pork,seafood"
123,negative,Expensive price for bland food,"beef,fish,pork,seafood"
122,positive,Cheap food with delicious sauce!,"bbq,fish,malaysian,noodle"
121,positive,"Good food, convenient place, great prices","beef,chinese,hotpot,mala,pork"
120,positive,I love this Jap stall!,"beef,fish,japanese,korean,noodle,pork,seafood,soup"
119,neutral,Good for cheap Italian food,"beef,fish,italian,pasta,pork,salad,spaghetti,western"
118,positive,Awesome Indian.,"curry,fish,indian"
117,positive,Love the noodle so much!,"fish,noodle,porridge,seafood,soup,tom yum"
116,positive,Good and sweet,"chicken rice,noodle"
115,neutral,Simply cheap and acceptable food,"char siew,chinese,duck,noodle,pork,soup"
114,positive,Great selection of Bbq!,"bbq,beef,pork,seafood"
113,positive,The excellent old school western!,"beef,fish,italian,pasta,snacks,western"
112,neutral,Good but somewhat overpriced food!,"curry,japanese,noodle,pork,soup"
111,negative,Bland soup.,"bbq,beef,fish,korean,noodle,pork,soup"
110,negative,The server was terrible!,"breakfast,cold desert,drink,fruit,juice,snacks"
109,positive,"Cheap, Fast, Fresh noodle","beef,fish,noodle,pork,seafood,soup,tom yum"
108,positive,Amazing place! Various choices of food!,"chinese,mixed rice,pork"
107,negative,Overpriced...not all that good.,"beef,chinese,fish,mala,noodle,pork"
106,positive,Love milk Coffee drinks.,"breakfast,drink,fruit,snacks"
105,neutral,Average food! Angry with wrong bills!,"beef,fish,noodle,pork,vegetarian"
104,negative,"Indifferent food, atrocious service","beef,fish,malaysian,seafood,snacks"
103,positive,It is fast and good,"beef,chinese,fish,noodle,pork,seafood,thai"
102,negative,Not at all happy!,"beef,chinese,fish,noodle,pork,porridge,seafood,soup,tom yum"
101,positive,Always wonderful food!,"beef,chinese,mixed rice,noodle,porridge,seafood"
100,positive,Love this place.,"malaysian,noodle,soup"
99,neutral,Good food but totally overpriced.,"curry,fish,japanese,noodle,pork,seafood,soup,tom yum"
98,positive,Cheap fruits! Would come back again!,"fruit,juice"
97,positive,Great coffee,"breakfast,drink,snacks"
96,negative,Not good at all.,"beef,chinese,noodle,pork,soup"
95,positive,Love the pancakes,"cold desert,snacks"
94,negative,"Bad service, cold food","curry,fish,japanese,pork,western"
93,positive,"Great food, average service.","fish,mixed rice,pork,soup"
92,neutral,Just ok!,"beef,chinese,fish,hotpot,noodle,pork,seafood"
91,neutral,They serve alot of food.,"curry,indian"
90,positive,Nice drink and late night snacks!,"breakfast,drink,fruit,juice"
89,negative,Meh. I've experienced better.,"beef,chinese,curry,fish,noodle,vegetarian"
88,positive,The chicken chop is a must-try,"beef,italian,pasta,snacks,spaghetti,western"
87,neutral,Above average Thai food.,"fish,soup,thai,tom yum"
86,positive,Good real Chinese food.,"beef,chinese,fish,pork,seafood"
85,neutral,Good food but totally overpriced.,"beef,fish,pork"
84,negative,Noodle taste is poor,"beef,chinese,fish,mala,pork,seafood"
82,positive,Really good quick Chinese food.,"beef,chinese,noodle,pork,soup"
81,positive,Best Korean food in town!,"curry,japanese,korean,noodle,pork,seafood,soup"
80,positive,Love the food.,"noodle,soup,tom yum,yong tau foo"
79,positive,The food choices are diverse,"beef,chinese,fish,mixed rice,pork,porridge"
76,neutral,The food is acceptable,"beef,chinese,fish,mixed rice,pork,porridge"
75,positive,Nice lemon tea!,"breakfast,cold desert,drink,fruit,juice"
74,positive,Good bread for breakfast,"bakery,snacks"
72,positive,Consistent Malaysian food,"fish,malaysian,noodle,soup"
71,positive,Good chicken!,"char siew,chicken rice,pork"
70,positive,Good service and tasty food.,"beef,chinese,fish,hotpot,noodle,pork,seafood,soup,tom yum"
69,positive,Spicy Mala hotpot,"beef,chinese,mala,noodle,pork,seafood,soup"
68,positive,Best Korean food in town!,"curry,fish,japanese,korean,pork,seafood,soup"
67,positive,Love their cheese!,"beef,chinese,fish,indian,italian,pasta,salad,seafood,snacks,soup,spaghetti,vegetarian,western"
66,positive,Awesome breakfast!,"bakery,breakfast,cold desert,drink,fruit,juice,western"
65,neutral,Stall is clean and food is okay!,breakfast
63,positive,The food is cheap and aunty is really friendly!,breakfast
61,positive,I would come back to enjoy this dish!,breakfast
60,negative,The owner was rude! Bad temper!,breakfast
59,neutral,They keep increasing the food price every semester!,breakfast
58,negative,The food here is not good generally,breakfast
57,positive,Highly recommended for Halah choices!,breakfast
56,positive,The soup is tasty,breakfast
55,negative,They kept increasing the price!,breakfast
54,positive,I love the free fries on every Friday night!,breakfast
53,negative,The taste is awful...,breakfast
52,neutral,The food is acceptable and the aunty is friendly,breakfast
51,positive,The food is amazing and cheap!,breakfast
48,positive,The stall is clean and neat with various choices,breakfast
47,neutral,The chicken is acceptable,"char siew,chicken rice,noodle,porridge,soup"
46,negative,The soup is bland,"char siew,chicken rice,pork"
43,positive,The chicken is really good,"char siew,chicken rice,pork"
42,negative,The taste is poor,"char siew,chicken rice,noodle,porridge,soup"
41,positive,The food is good and cheap,"char siew,chicken rice,noodle,porridge,soup"
40,neutral,The food is not really delicious but the aunty is friendly,"char siew,chicken rice,pork"
38,positive,The food is delicious,"char siew,chicken rice,noodle,porridge,soup"
37,positive,hao,"char siew,chicken rice,pork"
36,positive,Awesome!!! Love it :),"curry,japanese,korean,noodle,pork,seafood,soup"
34,neutral,(y),"char siew,chicken rice,noodle,porridge,soup"
33,positive,First time trying Lontong. Not bad!,"malaysian,noodle,soup"
32,positive,Best!,"char siew,chicken rice,pork"
30,positive,Newly renovated!,"char siew,chicken rice,pork"
29,positive,The roasted chicken rice is a must try!,"char siew,chicken rice,pork"
28,positive,Good,"char siew,chicken rice,pork"
24,positive,One of the best chicken rice stall!,"char siew,chicken rice,pork"
23,neutral,Average taste.,"beef,chinese,fish,noodle,pork,seafood,thai"
22,neutral,Taste quite okay.,"beef,chinese,fish,noodle,pork,seafood,thai"
21,positive,Taste awesome with the chilli! Must try!,"char siew,chicken rice,pork"
20,negative,I don't like this dish. Taste is poor.,"bbq,beef,pork,seafood"
18,positive,I like this dish.,"bbq,beef,pork,seafood"
17,positive,I like this stall.,"bbq,beef,pork,seafood"
